id,name,email,amount,sent,date
0,Larry,box2@toneangel.com,123.22,,"2018-3-21, 12:57:04 AM"
3,Larry,box2@toneangel.com,123.22,,"2018-3-21, 12:57:04 AM"
4,Larry,box2@toneangel.com,123.22,,"2018-3-21, 12:57:04 AM"
4,Larry,box2@toneangel.com,123.22,,"2018-3-21, 12:57:04 AM"
5,Larry,box2@toneangel.com,123.22,,"2018-3-21, 12:57:04 AM"
6,Larry,box1@toneangel.com,123.22,,"2018-3-21, 12:57:04 AM"
7,Larry,box2@toneangel.com,123.22,,"2018-3-21, 12:57:04 AM"
8,Larry,box2@toneangel.com,123.22,,"2018-3-21, 12:57:04 AM"
9,Larry,box2@toneangel.com,123.22,,"2018-3-21, 12:57:04 AM"
10,Larry,box2@toneangel.com,123.22,,"2018-3-21, 12:57:04 AM"
11,Larry,box2@toneangel.com,123.22,,"2018-3-21, 12:57:04 AM"
12,Larry,box2@toneangel.com,123.22,,"2018-3-21, 12:57:04 AM"
13,Larry,box2@toneangel.com,123.22,,"2018-3-21, 12:57:04 AM"
